{
  "ID": "ca916bc2-5d83-4164-8f1e-aa22a5094b8c",
  "Version": "3.10.0.0",
  "Name": "dismiss",
  "Content": {
    "Content": {
      "Animation": {
        "Duration": 0,
        "Speed": 1.0,
        "Timelines": [],
        "ctype": "TimelineActionData"
      },
      "AnimationList": [],
      "ObjectData": {
        "Tag": 12,
        "Children": [
          {
            "FileData": {
              "Type": "Normal",
              "Path": "ui/pai/small_bg.png",
              "Plist": ""
            },
            "Scale9Enable": true,
            "Scale9OriginX": 15,
            "Scale9OriginY": 21,
            "Scale9Width": 18,
            "Scale9Height": 22,
            "AnchorPoint": {
              "ScaleX": 0.5,
              "ScaleY": 0.5
            },
            "Position": {
              "X": 659.9938,
              "Y": 347.7103
            },
            "Scale": {
              "ScaleX": 1.0,
              "ScaleY": 1.0
            },
            "CColor": {
              "R": 0,
              "G": 0,
              "B": 0
            },
            "IconVisible": false,
            "PrePosition": {
              "X": 0.5156,
              "Y": 0.4829
            },
            "PreSize": {
              "X": 0.625,
              "Y": 0.8333
            },
            "LeftMargin": 259.9938,
            "RightMargin": 220.0062,
            "TopMargin": 72.2897,
            "BottomMargin": 47.7103,
            "Tag": 106,
            "ActionTag": 657895476,
            "Size": {
              "X": 800.0,
              "Y": 600.0
            },
            "Alpha": 168,
            "Name": "bg",
            "ctype": "ImageViewObjectData"
          },
          {
            "FontSize": 48,
            "ButtonText": "Agree",
            "TextColor": {
              "R": 65,
              "G": 65,
              "B": 70
            },
            "NormalFileData": {
              "Type": "Normal",
              "Path": "ui/btn/bt_green_bg.png",
              "Plist": ""
            },
            "Scale9Enable": true,
            "Scale9OriginX": 15,
            "Scale9OriginY": 11,
            "Scale9Width": 176,
            "Scale9Height": 71,
            "OutlineColor": {
              "G": 0,
              "B": 0
            },
            "ShadowColor": {
              "R": 110,
              "G": 110,
              "B": 110
            },
            "ShadowOffsetX": 2.0,
            "ShadowOffsetY": -2.0,
            "TouchEnable": true,
            "AnchorPoint": {
              "ScaleX": 0.5,
              "ScaleY": 0.5
            },
            "Position": {
              "X": 894.8508,
              "Y": 177.8981
            },
            "Scale": {
              "ScaleX": 1.3,
              "ScaleY": 1.3
            },
            "CColor": {},
            "IconVisible": false,
            "PrePosition": {
              "X": 0.6991,
              "Y": 0.2471
            },
            "PreSize": {
              "X": 0.1609,
              "Y": 0.1292
            },
            "LeftMargin": 791.8508,
            "RightMargin": 282.1492,
            "TopMargin": 495.6019,
            "BottomMargin": 131.3981,
            "CallBackType": "Click",
            "CallBackName": "agree_exit",
            "Tag": 28,
            "ActionTag": 616176026,
            "Size": {
              "X": 206.0,
              "Y": 93.0
            },
            "Name": "btn_agree",
            "ctype": "ButtonObjectData"
          },
          {
            "FontSize": 48,
            "ButtonText": "DisAgree",
            "TextColor": {
              "R": 65,
              "G": 65,
              "B": 70
            },
            "NormalFileData": {
              "Type": "Normal",
              "Path": "ui/btn/bt_green_bg.png",
              "Plist": ""
            },
            "Scale9Enable": true,
            "Scale9OriginX": 15,
            "Scale9OriginY": 11,
            "Scale9Width": 176,
            "Scale9Height": 71,
            "OutlineColor": {
              "G": 0,
              "B": 0
            },
            "ShadowColor": {
              "R": 110,
              "G": 110,
              "B": 110
            },
            "ShadowOffsetX": 2.0,
            "ShadowOffsetY": -2.0,
            "TouchEnable": true,
            "AnchorPoint": {
              "ScaleX": 0.5,
              "ScaleY": 0.5
            },
            "Position": {
              "X": 435.8044,
              "Y": 175.2346
            },
            "Scale": {
              "ScaleX": 1.3,
              "ScaleY": 1.3
            },
            "CColor": {},
            "IconVisible": false,
            "PrePosition": {
              "X": 0.3405,
              "Y": 0.2434
            },
            "PreSize": {
              "X": 0.1609,
              "Y": 0.1292
            },
            "LeftMargin": 332.8044,
            "RightMargin": 741.1956,
            "TopMargin": 498.2654,
            "BottomMargin": 128.7346,
            "CallBackType": "Click",
            "CallBackName": "disagree_exit",
            "Tag": 108,
            "ActionTag": -334939700,
            "Size": {
              "X": 206.0,
              "Y": 93.0
            },
            "Name": "btn_disagree",
            "ctype": "ButtonObjectData"
          },
          {
            "IsCustomSize": true,
            "FontSize": 48,
            "LabelText": "xx申请解散",
            "HorizontalAlignmentType": "HT_Center",
            "OutlineColor": {
              "G": 0,
              "B": 0
            },
            "ShadowColor": {
              "R": 110,
              "G": 110,
              "B": 110
            },
            "ShadowOffsetX": 2.0,
            "ShadowOffsetY": -2.0,
            "AnchorPoint": {
              "ScaleX": 0.5,
              "ScaleY": 0.5
            },
            "Position": {
              "X": 657.8889,
              "Y": 592.4348
            },
            "Scale": {
              "ScaleX": 1.0,
              "ScaleY": 1.0
            },
            "CColor": {},
            "IconVisible": false,
            "PrePosition": {
              "X": 0.514,
              "Y": 0.8228
            },
            "PreSize": {
              "X": 0.3125,
              "Y": 0.075
            },
            "LeftMargin": 457.8889,
            "RightMargin": 422.1111,
            "TopMargin": 100.5652,
            "BottomMargin": 565.4348,
            "Tag": 109,
            "ActionTag": -688208042,
            "Size": {
              "X": 400.0,
              "Y": 54.0
            },
            "Name": "txt_1",
            "ctype": "TextObjectData"
          },
          {
            "IsCustomSize": true,
            "FontSize": 48,
            "LabelText": "xx同意",
            "HorizontalAlignmentType": "HT_Center",
            "OutlineColor": {
              "G": 0,
              "B": 0
            },
            "ShadowColor": {
              "R": 110,
              "G": 110,
              "B": 110
            },
            "ShadowOffsetX": 2.0,
            "ShadowOffsetY": -2.0,
            "AnchorPoint": {
              "ScaleX": 0.5,
              "ScaleY": 0.5
            },
            "Position": {
              "X": 663.326,
              "Y": 393.3427
            },
            "Scale": {
              "ScaleX": 1.0,
              "ScaleY": 1.0
            },
            "CColor": {},
            "IconVisible": false,
            "PrePosition": {
              "X": 0.5182,
              "Y": 0.5463
            },
            "PreSize": {
              "X": 0.3125,
              "Y": 0.075
            },
            "LeftMargin": 463.326,
            "RightMargin": 416.674,
            "TopMargin": 299.6573,
            "BottomMargin": 366.3427,
            "Tag": 54,
            "ActionTag": 1277011860,
            "Size": {
              "X": 400.0,
              "Y": 54.0
            },
            "Name": "txt_2",
            "ctype": "TextObjectData"
          }
        ],
        "Size": {
          "X": 1280.0,
          "Y": 720.0
        },
        "Name": "Scene",
        "ctype": "SingleNodeObjectData"
      },
      "UsedResources": [
        "ui/btn/bt_green_bg.png",
        "ui/pai/small_bg.png"
      ],
      "ctype": "GameFileData"
    }
  },
  "Type": "Scene"
}